,angles,backend,distribution,energy,graph,iterations,max-cut objective,noise,optimizer,p,simulated backend,solution,solution objective,time,topology
0,[1.20378437 5.64724429],qasm_simulator,"{'01110': 372, '10110': 353, '00111': 61, '11001': 419, '11010': 383, '11000': 73, '01100': 420, '00001': 113, '00000': 68, '01101': 377, '01001': 420, '01010': 386, '10001': 442, '01111': 42, '00101': 459, '10010': 447, '11011': 296, '10100': 439, '10111': 53, '01000': 77, '11100': 71, '11111': 53, '11110': 56, '00110': 432, '01011': 416, '10000': 82, '00011': 120, '00100': 383, '11101': 59, '10101': 356, '00010': 113, '10011': 351}",-0.83890820063929,butterfly,1003.0,-3.83890820063929,1.0,NELDER_MEAD,1.0,ibmq_vigo,[0 1 0 1 1],4.0,1082.1960771083832,1.0
